{"cameraMode":{"drawMode":0,"name":"Shaded","section":"Shading Mode"},"sceneLighting":true,"audioPlay":false,"sceneViewState":{"showFog":true,"showMaterialUpdate":false,"showSkybox":false,"showFlares":true,"showImageEffects":true,"showParticleSystems":true},"in2DMode":false,"pivot":{"x":9.455514907836914,"y":-0.03336971998214722,"z":11.010248184204102},"rotation":{"x":0.17258991301059724,"y":-0.6407387256622315,"z":0.150899738073349,"w":0.7327497601509094},"size":4.057561874389648,"orthographic":false}