{"cameraMode":{"drawMode":0,"name":"Shaded","section":"Shading Mode"},"sceneLighting":true,"audioPlay":false,"sceneViewState":{"showFog":true,"showMaterialUpdate":false,"showSkybox":true,"showFlares":true,"showImageEffects":true,"showParticleSystems":true},"in2DMode":false,"pivot":{"x":174.38255310058595,"y":302.942626953125,"z":-304.9949951171875},"rotation":{"x":-0.04280956834554672,"y":0.00871486496180296,"z":-0.00036477140383794904,"w":-0.9990546703338623},"size":84.28169250488281,"orthographic":false}