{"cameraMode":{"drawMode":0,"name":"Shaded","section":"Shading Mode"},"sceneLighting":true,"audioPlay":false,"sceneViewState":{"showFog":true,"showMaterialUpdate":false,"showSkybox":true,"showFlares":true,"showImageEffects":true,"showParticleSystems":true},"in2DMode":false,"pivot":{"x":-5.156393051147461,"y":-1303.961669921875,"z":-63.88871765136719},"rotation":{"x":-0.09304074198007584,"y":0.7201063632965088,"z":-0.6805148124694824,"w":-0.09846173971891403},"size":667.3812255859375,"orthographic":false}